DROP TABLE IF EXISTS "child_toy";
CREATE TABLE "child_toy" ("id" integer not null primary key autoincrement, "child_id" integer not null, "toy_id" integer not null, "created_at" datetime not null, "updated_at" datetime not null, foreign key("child_id") references "children"("id"), foreign key("toy_id") references "toys"("id"));
INSERT INTO "child_toy" VALUES(1,8,2,'now','now');
INSERT INTO "child_toy" VALUES(2,8,8,'now','now');
INSERT INTO "child_toy" VALUES(3,3,9,'now','now');
INSERT INTO "child_toy" VALUES(4,10,9,'now','now');
INSERT INTO "child_toy" VALUES(5,2,2,'now','now');
INSERT INTO "child_toy" VALUES(6,7,1,'now','now');
INSERT INTO "child_toy" VALUES(7,5,6,'now','now');
INSERT INTO "child_toy" VALUES(8,4,4,'now','now');
INSERT INTO "child_toy" VALUES(9,3,3,'now','now');
INSERT INTO "child_toy" VALUES(10,7,1,'now','now');
DROP TABLE IF EXISTS "children";
CREATE TABLE "children" ("id" integer not null primary key autoincrement, "name" varchar not null, "age" integer not null, "mother_id" integer not null, "father_id" integer not null, "created_at" datetime not null, "updated_at" datetime not null, foreign key("mother_id") references "wives"("id"), foreign key("father_id") references "husbands"("id"));
INSERT INTO "children" VALUES(1,'Julianne',12,1,1,'2014-08-02 16:49:17','2014-08-02 16:49:17');
INSERT INTO "children" VALUES(2,'Justen',12,2,2,'2014-08-02 16:49:17','2014-08-02 16:49:17');
INSERT INTO "children" VALUES(3,'Orville',15,3,3,'2014-08-02 16:49:17','2014-08-02 16:49:17');
INSERT INTO "children" VALUES(4,'Narciso',3,4,4,'2014-08-02 16:49:17','2014-08-02 16:49:17');
INSERT INTO "children" VALUES(5,'Patience',4,5,5,'2014-08-02 16:49:17','2014-08-02 16:49:17');
INSERT INTO "children" VALUES(6,'Vernie',16,6,6,'2014-08-02 16:49:17','2014-08-02 16:49:17');
INSERT INTO "children" VALUES(7,'Brock',12,7,7,'2014-08-02 16:49:17','2014-08-02 16:49:17');
INSERT INTO "children" VALUES(8,'Jaydon',10,8,8,'2014-08-02 16:49:17','2014-08-02 16:49:17');
INSERT INTO "children" VALUES(9,'Everett',6,9,9,'2014-08-02 16:49:17','2014-08-02 16:49:17');
INSERT INTO "children" VALUES(10,'Lemuel',2,10,10,'2014-08-02 16:49:17','2014-08-02 16:49:17');
DROP TABLE IF EXISTS "husbands";
CREATE TABLE "husbands" ("id" integer not null primary key autoincrement, "name" varchar not null, "created_at" datetime not null, "updated_at" datetime not null);
INSERT INTO "husbands" VALUES(1,'Raymundo','2014-08-02 16:49:13','2014-08-02 16:49:13');
INSERT INTO "husbands" VALUES(2,'Lawrence','2014-08-02 16:49:13','2014-08-02 16:49:13');
INSERT INTO "husbands" VALUES(3,'Justen','2014-08-02 16:49:13','2014-08-02 16:49:13');
INSERT INTO "husbands" VALUES(4,'Darrin','2014-08-02 16:49:13','2014-08-02 16:49:13');
INSERT INTO "husbands" VALUES(5,'Paris','2014-08-02 16:49:13','2014-08-02 16:49:13');
INSERT INTO "husbands" VALUES(6,'Narciso','2014-08-02 16:49:13','2014-08-02 16:49:13');
INSERT INTO "husbands" VALUES(7,'Monte','2014-08-02 16:49:13','2014-08-02 16:49:13');
INSERT INTO "husbands" VALUES(8,'Dameon','2014-08-02 16:49:13','2014-08-02 16:49:13');
INSERT INTO "husbands" VALUES(9,'Vernon','2014-08-02 16:49:14','2014-08-02 16:49:14');
INSERT INTO "husbands" VALUES(10,'Brown','2014-08-02 16:49:15','2014-08-02 16:49:15');
DROP TABLE IF EXISTS "migrations";
CREATE TABLE "migrations" ("migration" varchar not null, "batch" integer not null);
INSERT INTO "migrations" VALUES('2014_07_29_193939_create_husbands_table',1);
INSERT INTO "migrations" VALUES('2014_07_29_193948_create_wives_table',1);
INSERT INTO "migrations" VALUES('2014_07_29_202330_create_children_table',1);
INSERT INTO "migrations" VALUES('2014_07_29_203657_create_toys_table',1);
INSERT INTO "migrations" VALUES('2014_07_29_204030_create_child_toy_table',1);
DROP TABLE IF EXISTS "toys";
CREATE TABLE "toys" ("id" integer not null primary key autoincrement, "name" varchar not null, "created_at" datetime not null, "updated_at" datetime not null);
INSERT INTO "toys" VALUES(1,'consequatur','2014-08-02 16:49:17','2014-08-02 16:49:17');
INSERT INTO "toys" VALUES(2,'dolores','2014-08-02 16:49:17','2014-08-02 16:49:17');
INSERT INTO "toys" VALUES(3,'dolorum','2014-08-02 16:49:17','2014-08-02 16:49:17');
INSERT INTO "toys" VALUES(4,'amet','2014-08-02 16:49:17','2014-08-02 16:49:17');
INSERT INTO "toys" VALUES(5,'iste','2014-08-02 16:49:17','2014-08-02 16:49:17');
INSERT INTO "toys" VALUES(6,'laborum','2014-08-02 16:49:17','2014-08-02 16:49:17');
INSERT INTO "toys" VALUES(7,'eius','2014-08-02 16:49:17','2014-08-02 16:49:17');
INSERT INTO "toys" VALUES(8,'est','2014-08-02 16:49:17','2014-08-02 16:49:17');
INSERT INTO "toys" VALUES(9,'dolor','2014-08-02 16:49:17','2014-08-02 16:49:17');
INSERT INTO "toys" VALUES(10,'dolores','2014-08-02 16:49:17','2014-08-02 16:49:17');
DROP TABLE IF EXISTS "wives";
CREATE TABLE "wives" ("id" integer not null primary key autoincrement, "husband_id" integer not null, "name" varchar not null, "created_at" datetime not null, "updated_at" datetime not null, foreign key("husband_id") references "husbands"("id"));
INSERT INTO "wives" VALUES(1,1,'Julianne','2014-08-02 16:49:13','2014-08-02 16:49:13');
INSERT INTO "wives" VALUES(2,2,'Carolyne','2014-08-02 16:49:13','2014-08-02 16:49:13');
INSERT INTO "wives" VALUES(3,3,'Litzy','2014-08-02 16:49:13','2014-08-02 16:49:13');
INSERT INTO "wives" VALUES(4,4,'Nola','2014-08-02 16:49:13','2014-08-02 16:49:13');
INSERT INTO "wives" VALUES(5,5,'Bert','2014-08-02 16:49:13','2014-08-02 16:49:13');
INSERT INTO "wives" VALUES(6,6,'Brandy','2014-08-02 16:49:13','2014-08-02 16:49:13');
INSERT INTO "wives" VALUES(7,7,'Patience','2014-08-02 16:49:13','2014-08-02 16:49:13');
INSERT INTO "wives" VALUES(8,8,'Rachael','2014-08-02 16:49:14','2014-08-02 16:49:14');
INSERT INTO "wives" VALUES(9,9,'Robyn','2014-08-02 16:49:15','2014-08-02 16:49:15');
INSERT INTO "wives" VALUES(10,10,'Audra','2014-08-02 16:49:16','2014-08-02 16:49:16');
CREATE INDEX child_toy_child_id_index on "child_toy" ("child_id");
CREATE INDEX child_toy_toy_id_index on "child_toy" ("toy_id");
CREATE INDEX children_father_id_index on "children" ("father_id");
CREATE INDEX children_mother_id_index on "children" ("mother_id");
CREATE INDEX wives_husband_id_index on "wives" ("husband_id");
